Region,CharterApplicationId,Year,CouncilNumber,SequenceNumber,Timestamp,DateSubmitted,PmpOverallPoints,PmpOverallLevel,Item8CapitalContributionsCash,Item8CapitalContributionsMaterial,Item8EndowmentContributions,Item8FosContributions,LevelOrdealYouthFinal,LevelOrdealYoungAdultFinal,LevelOrdealAdultFinal,LevelBrotherhoodYouthFinal,LevelBrotherhoodYoungAdultFinal,LevelBrotherhoodAdultFinal,LevelVigilYouthFinal,LevelVigilYoungAdultFinal,LevelVigilAdultFinal,InductedOrdealYouthFinal,InductedOrdealAdultFinal,InductedBrotherhoodYouthFinal,InductedBrotherhoodAdultFinal,InductedVigilYouthFinal,InductedVigilAdultFinal,ElectedCurrentYouthFinal,ElectedCurrentAdultFinal,ElectedPreviousYouthFinal,ElectedPreviousAdultFinal,UnitCountFinal,Item1ElectionsConducted,Item1ElectionsNoEligibleScouts,Item1VisitsConducted,Item3ActivatedYouth,Item9ServiceHours,Section,LodgeName,TotalMembers,ElectionRate,InductedOrdealTotal,ElectedTotal,InductionRate,ActivationRate,LevelOrdealTotal,LevelBrotherhoodTotal,LevelVigilTotal,LevelYouthTotal,LevelYoungAdultTotal,LevelAdultTotal
G      ,2693,2019,604,1,12/31/2019 ,12/30/2019    ,7,None            ,0.00                          ,0.00                              ,0.00                        ,"3,439.00            ",27.0,2.0,12.0,14.0,5.0,27.0,2.0,4.0,23.0,23.0,4.0,2.0,2.0,3.0,1.0,37.0,6.0,1.0,0.0,103.0,14.0,1.0,15.0,3.0,1126.0,14,Walamootkin                                  ,116.0,0.14563106796116504,27.0,44.0,0.6136363636363636,0.1111111111111111,41.0,46.0,29.0,43.0,11.0,62.0
G      ,2586,2019,107,1,12/20/2019 ,12/19/2019    ,9,None            ,0.00                          ,0.00                              ,0.00                        ,0.00                  ,35.0,1.0,8.0,19.0,4.0,15.0,4.0,1.0,31.0,26.0,5.0,10.0,4.0,3.0,2.0,132.0,6.0,87.0,23.0,517.0,350.0,2.0,325.0,11.0,246.0,14,Shunkah Mahneetu                             ,118.0,0.6808510638297872,31.0,248.0,0.125,0.3548387096774194,44.0,38.0,36.0,58.0,6.0,54.0
G      ,1528,2019,106,1,12/8/2019  ,12/7/2019     ,10,None            ,250.00                        ,0.00                              ,"1,000.00                  ","1,350.00            ",47.0,6.0,21.0,26.0,5.0,35.0,5.0,3.0,52.0,39.0,4.0,17.0,5.0,4.0,1.0,16.0,2.0,16.0,0.0,298.0,120.0,1.0,120.0,0.0,1060.0,14,Tukarica                                     ,200.0,0.40604026845637586,43.0,34.0,1.2647058823529411,0.0,74.0,66.0,60.0,78.0,14.0,108.0
G      ,2574,2019,611,1,12/18/2019 ,12/18/2019    ,11,None            ,0.00                          ,0.00                              ,"1,000.00                  ","1,708.00            ",76.0,7.0,27.0,26.0,8.0,41.0,3.0,3.0,53.0,44.0,7.0,10.0,6.0,3.0,1.0,79.0,9.0,38.0,0.0,195.0,64.0,9.0,64.0,3.0,1248.0,14,Es-Kaielgu                                   ,244.0,0.37435897435897436,51.0,126.0,0.40476190476190477,0.058823529411764705,110.0,75.0,59.0,105.0,18.0,121.0
G      ,3006,2020,604,1,1/6/2021   ,1/5/2021      ,8,None            ,"1,000.00                    ",200.00                            ,0.00                        ,"1,200.00            ",12.0,0.0,6.0,3.0,8.0,18.0,2.0,3.0,22.0,6.0,0.0,0.0,0.0,0.0,0.0,13.0,2.0,0.0,0.0,31.0,8.0,0.0,10.0,6.0,350.0,14,Walamootkin                                  ,74.0,0.25806451612903225,6.0,15.0,0.4,1.0,18.0,29.0,27.0,17.0,11.0,46.0
G      ,2842,2020,611,1,12/17/2020 ,12/16/2020    ,6,None            ,"2,000.00                    ",0.00                              ,0.00                        ,"1,250.00            ",37.0,4.0,11.0,11.0,7.0,29.0,0.0,4.0,44.0,29.0,3.0,3.0,1.0,0.0,0.0,63.0,6.0,0.0,0.0,101.0,23.0,8.0,14.0,6.0,480.0,14,Es-Kaielgu                                   ,147.0,0.3069306930693069,32.0,69.0,0.463768115942029,0.1875,52.0,47.0,48.0,48.0,15.0,84.0
G      ,2885,2020,106,1,12/22/2020 ,12/21/2020    ,9,None            ,0.00                          ,0.00                              ,"1,000.00                  ",0.00                  ,28.0,2.0,12.0,14.0,4.0,27.0,2.0,3.0,38.0,18.0,1.0,8.0,2.0,1.0,1.0,18.0,1.0,0.0,0.0,74.0,6.0,0.0,6.0,0.0,48.0,14,Tukarica                                     ,130.0,0.08108108108108109,19.0,19.0,1.0,0.0,42.0,45.0,43.0,44.0,9.0,77.0
G      ,2775,2020,107,1,12/8/2020  ,12/7/2020     ,12,None            ,0.00                          ,0.00                              ,0.00                        ,0.00                  ,28.0,0.0,9.0,23.0,2.0,11.0,1.0,3.0,20.0,23.0,5.0,13.0,4.0,2.0,2.0,36.0,5.0,52.0,1.0,53.0,18.0,0.0,20.0,21.0,182.0,14,Shunkah Mahneetu                             ,97.0,0.33962264150943394,28.0,94.0,0.2978723404255319,0.75,37.0,36.0,24.0,52.0,5.0,40.0
G      ,3212,2021,604,1,12/28/2021 ,12/28/2021    ,13,None            ,505.00                        ,0.00                              ,0.00                        ,505.00                ,34.0,1.0,10.0,7.0,3.0,18.0,0.0,3.0,25.0,27.0,5.0,6.0,1.0,1.0,2.0,33.0,9.0,7.0,2.0,31.0,15.0,5.0,10.0,4.0,314.0,14,Walamootkin                                  ,101.0,0.6451612903225806,32.0,51.0,0.6274509803921569,0.125,45.0,28.0,28.0,41.0,7.0,53.0
G      ,3271,2021,106,2,1/15/2022  ,1/14/2022     ,17,Thriving        ,0.00                          ,0.00                              ,"1,000.00                  ",0.00                  ,60.0,2.0,14.0,6.0,5.0,17.0,1.0,3.0,32.0,50.0,7.0,3.0,0.0,1.0,1.0,48.0,6.0,17.0,2.0,65.0,34.0,6.0,61.0,18.0,780.0,14,Tukarica                                     ,140.0,0.6153846153846154,57.0,73.0,0.7808219178082192,0.3157894736842105,76.0,28.0,36.0,67.0,10.0,63.0
G      ,3274,2021,107,1,1/16/2022  ,1/15/2022     ,21,Thriving        ,0.00                          ,0.00                              ,0.00                        ,0.00                  ,33.0,0.0,6.0,30.0,3.0,13.0,2.0,3.0,18.0,29.0,2.0,8.0,3.0,2.0,2.0,27.0,2.0,0.0,0.0,54.0,15.0,0.0,18.0,17.0,122.0,14,Shunkah Mahneetu                             ,108.0,0.2777777777777778,31.0,29.0,1.0689655172413792,0.5483870967741935,39.0,46.0,23.0,65.0,6.0,37.0
G      ,3263,2021,611,1,1/7/2022   ,1/7/2022      ,9,None            ,0.00                          ,0.00                              ,0.00                        ,"1,250.00            ",61.0,9.0,21.0,14.0,8.0,32.0,0.0,4.0,43.0,32.0,7.0,7.0,4.0,0.0,0.0,42.0,8.0,13.0,2.0,94.0,23.0,24.0,23.0,3.0,580.0,14,Es-Kaielgu                                   ,192.0,0.5,39.0,65.0,0.6,0.07692307692307693,91.0,54.0,47.0,75.0,21.0,96.0
G      ,3486,2022,611,1,12/30/2022 ,12/29/2022    ,4,None            ,0.00                          ,0.00                              ,0.00                        ,"1,250.00            ",39.0,5.0,8.0,8.0,5.0,31.0,0.0,3.0,43.0,29.0,0.0,6.0,1.0,0.0,0.0,66.0,0.0,0.0,0.0,80.0,35.0,15.0,20.0,3.0,612.0,14,Es-Kaielgu                                   ,142.0,0.625,29.0,66.0,0.4393939393939394,0.10344827586206896,52.0,44.0,46.0,47.0,13.0,82.0
G      ,3504,2022,604,1,1/1/2023   ,1/1/2023      ,17,Thriving        ,500.00                        ,0.00                              ,0.00                        ,500.00                ,26.0,4.0,7.0,16.0,2.0,22.0,0.0,3.0,23.0,25.0,3.0,13.0,4.0,1.0,0.0,38.0,2.0,0.0,0.0,27.0,18.0,3.0,15.0,6.0,161.0,14,Walamootkin                                  ,103.0,0.7777777777777778,28.0,40.0,0.7,0.21428571428571427,37.0,40.0,26.0,42.0,9.0,52.0
G      ,3462,2022,106,1,12/29/2022 ,12/29/2022    ,18,Thriving        ,0.00                          ,400.00                            ,"1,000.00                  ",400.00                ,75.0,7.0,33.0,10.0,3.0,27.0,1.0,3.0,38.0,26.0,14.0,5.0,1.0,2.0,1.0,44.0,21.0,15.0,2.0,55.0,31.0,11.0,61.0,17.0,1234.0,14,Tukarica                                     ,197.0,0.7636363636363637,40.0,82.0,0.4878048780487805,0.425,115.0,40.0,42.0,86.0,13.0,98.0
G      ,3293,2022,107,1,12/4/2022  ,12/3/2022     ,10,None            ,0.00                          ,0.00                              ,220.00                      ,220.00                ,23.0,0.0,8.0,17.0,8.0,8.0,2.0,2.0,20.0,22.0,5.0,3.0,0.0,2.0,2.0,27.0,5.0,0.0,0.0,53.0,0.0,2.0,0.0,6.0,21.0,14,Shunkah Mahneetu                             ,88.0,0.03773584905660377,27.0,32.0,0.84375,0.2222222222222222,31.0,33.0,24.0,42.0,10.0,36.0
G      ,3559,2023,106,1,12/3/2023  ,12/2/2023     ,16,Thriving        ,"1,000.00                    ",0.00                              ,0.00                        ,0.00                  ,78.0,6.0,40.0,15.0,4.0,29.0,1.0,1.0,42.0,41.0,8.0,7.0,4.0,0.0,1.0,78.0,8.0,33.0,2.0,59.0,35.0,7.0,59.0,24.0,1506.0,14,Tukarica                                     ,216.0,0.711864406779661,49.0,121.0,0.4049586776859504,0.4897959183673469,124.0,48.0,44.0,94.0,11.0,111.0
G      ,3737,2023,604,1,12/30/2023 ,12/30/2023    ,14,None            ,505.00                        ,0.00                              ,0.00                        ,505.00                ,22.0,4.0,11.0,11.0,4.0,22.0,3.0,3.0,21.0,20.0,4.0,8.0,2.0,4.0,3.0,34.0,5.0,7.0,0.0,27.0,15.0,4.0,11.0,5.0,514.0,14,Walamootkin                                  ,101.0,0.7037037037037037,24.0,46.0,0.5217391304347826,0.20833333333333334,37.0,37.0,27.0,36.0,11.0,54.0
G      ,3678,2023,107,1,12/23/2023 ,12/22/2023    ,16,Thriving        ,0.00                          ,0.00                              ,0.00                        ,0.00                  ,38.0,1.0,6.0,14.0,2.0,9.0,1.0,5.0,15.0,39.0,4.0,7.0,2.0,2.0,0.0,33.0,4.0,0.0,0.0,46.0,0.0,0.0,0.0,21.0,230.0,14,Shunkah Mahneetu                             ,91.0,0.0,43.0,37.0,1.162162162162162,0.4883720930232558,45.0,25.0,21.0,53.0,8.0,30.0
G      ,3770,2023,611,1,1/6/2024   ,1/5/2024      ,15,Thriving        ,0.00                          ,0.00                              ,0.00                        ,0.00                  ,49.0,2.0,14.0,10.0,3.0,39.0,1.0,1.0,39.0,44.0,5.0,8.0,2.0,1.0,0.0,51.0,8.0,0.0,0.0,74.0,21.0,3.0,18.0,15.0,1136.0,14,Es-Kaielgu                                   ,158.0,0.32432432432432434,49.0,59.0,0.8305084745762712,0.30612244897959184,65.0,52.0,41.0,60.0,6.0,92.0
